단축코드,한글 종목약명,상장주식수
98120,마이크로컨텍솔,8312766
9520,포스코엠텍,41642703
95570,AJ네트웍스,45252759
6840,AK홀딩스,13247561
282330,BGF리테일,17283906
27410,BGF,95716791
138930,BNK금융지주,322088438
1465,BYC우,2153850
1460,BYC,6246150
1045,CJ우,2260223
00104K,CJ4우(전환),4226512
1040,CJ,29176998
11155,CJ씨푸드1우,200000
11150,CJ씨푸드,35930773
58820,CMG제약,138892244
590,CS홀딩스,1154482
12030,DB,201173933
16610,DB금융투자,42446389
5830,DB손해보험,70800000
990,DB하이텍,44398588
139130,DGB금융지주,169145833
1530,DI동일,25215672
215,DL우,1686115
210,DL,20955884
37550K,DL이앤씨우,2113885
37550L,DL이앤씨2우(전환),2111951
375500,DL이앤씨,38693623
155660,DSR,16000000
69730,DSR제강,14400000
17860,DS단석,5861404
17940,E1,6860000
365550,ESR켄달스퀘어리츠,213089000
50120,ES큐브,13564086
383220,F&F,38307075
7700,F&F홀딩스,39114367
78935,GS우,1784826
6360,GS건설,85581490
78930,GS,92915378
12630,HDC,59741721
294870,HDC현대산업개발,65907330
97230,HJ중공업,83274281
14790,HL D&I,37858601
24850,HLB이노베이션,72378055
204320,HL만도,46957120
60980,HL홀딩스,10169410
35000,HS애드,16567409
3560,IHQ,5527902
175330,JB금융지주,195083198
234080,JW생명과학,15834554
1065,JW중외제약우,341951
1067,JW중외제약2우B,209973
1060,JW중외제약,23285930
96760,JW홀딩스,73924942
105560,KB금융,403511072
432320,KB스타리츠,101414285
24120,KB오토시스,11500000
9070,KCTC,30000000
44180,KD,26717799
3620,KG모빌리티,195193522
16380,KG스틸,100008897
1390,KG케미칼,68469040
33180,KH 필룩스,18658120
1940,KISCO홀딩스,16176380
25000,KPX케미칼,4840000
92230,KPX홀딩스,4224646
40,KR모터스,29132868
93050,LF,29240000
3555,LG우,3021620
34220,LG디스플레이,500000000
3550,LG,157300993
51905,LG생활건강우,2099697
51900,LG생활건강,15618197
373220,LG에너지솔루션,234000000
32640,LG유플러스,436611361
11070,LG이노텍,23667107
66575,LG전자우,17185992
66570,LG전자,163647814
51915,LG화학우,7688800
51910,LG화학,70592343
79550,LIG넥스원,22000000
10120,LS ELECTRIC,30000000
680,LS네트웍스,78803016
6260,LS,32200000
229640,LS에코에너지,30624879
108320,LX세미콘,16264300
1120,LX인터내셔널,38760000
86960,MDS테크,87671788
23150,MH에탄올,7378526
35420,NAVER,162408594
181710,NHN,33766123
338100,NH프라임리츠,18660000
34310,NICE,37503477
8260,NI스틸,28600117
4255,NPC우,5280000
4250,NPC,36720000
456040,OCI,8952495
10955,S-Oil우,4021927
10950,S-Oil,112582792
950110,SBI핀테크솔루션즈,24052540
5090,SGC에너지,14409333
1380,SG글로벌,44964143
1770,SHD,1214878
2360,SH에너지화학,111133730
9160,SIMPAC,65429516
123700,SJM,15604898
25530,SJM홀딩스,14934008
03473K,SK우,566135
11790,SKC,37868298
18670,SK가스,9230244
1740,SK네트웍스,221277902
210980,SK디앤디,17078130
395400,SK리츠,270132679
34730,SK,73198329
402340,SK스퀘어,134749960
260870,SK시그넷,6128210
361610,SK아이이테크놀로지,71297592
100090,SK오션플랜트,59195568
96775,SK이노베이션우,1248426
96770,SK이노베이션,95735590
1515,SK증권우,3912514
1510,SK증권,472590171
28513K,SK케미칼우,2115429
285130,SK케미칼,17253783
17670,SK텔레콤,214790053
3570,SNT다이내믹스,33252697
64960,SNT모티브,14623136
100840,SNT에너지,7506711
36530,SNT홀딩스,16303886
5610,SPC삼립,8629009
465770,STX그린로지스,7171032
11810,STX,31017927
77970,STX엔진,23008904
71970,STX중공업,28552669
84870,TBH글로벌,20856819
2710,TCC스틸,26213697
24070,WISCOM,15326438
79940,가비아,13535684
78890,가온그룹,17410157
500,가온전선,7357946
399720,가온칩스,11488320
296520,가이아코퍼레이션,4667008
36620,감성코퍼레이션,90744892
860,강남제비스코,6500000
217730,강스템바이오텍,55937925
35250,강원랜드,213940500
114190,강원에너지,26123038
94480,갤럭시아머니트리,39229838
11420,갤럭시아에스엠,27549644
39240,경남스틸,26979604
53950,경남제약,35593402
2100,경농,19522575
9450,경동나비엔,14568592
267290,경동도시가스,5895406
12320,경동인베스트,2365023
11040,경동제약,30768766
50,경방,27415270
214390,경보제약,23906860
12610,경인양행,41616365
9140,경인전자,1570797
24910,경창산업,35819005
13580,계룡건설,8930907
12205,계양전기우,1169079
12200,계양전기,27222829
2140,고려산업,24939425
198440,고려시멘트,31979960
49720,고려신용정보,14300000
10130,고려아연,20908588
2240,고려제강,25000000
14570,고려제약,11000000
348150,고바이오랩,18934174
950190,고스트스튜디오,13579892
98460,고영,68654755
35290,골드앤에스,46450564
215000,골프존,6275415
121440,골프존뉴딘홀딩스,42836818
366030,공구우먼,22653850
76340,관악산업,4871460
9290,광동제약,52420851
86220,광동헬스바이오,10573865
14200,광림,90706696
17040,광명전기,43337615
29480,광무,47907203
17900,광전자,57943763
37710,광주신세계,7957190
26910,광진실업,6405405
421800,교보12호스팩,5980000
440790,교보13호스팩,4050000
456490,교보14호스팩,4200000
465320,교보15호스팩,3810000
30610,교보증권,113962961
339770,교촌에프앤비,24982540
53270,구영테크,27410405
7690,국도화학,9010616
5320,국동,67183597
66620,국보디자인,7500000
1140,국보,15856388
43650,국순당,17858304
6050,국영지앤엠,34895243
60480,국일신동,11090000
78130,국일제지,1127405871
307750,국전약품,49069269
2720,국제약품,21159832
243870,굿센,2892631
35080,그래디언트,14527584
114090,GKL,61855670
900290,GRT,67375000
204020,그리티,20147430
402490,그린리소스,8265944
114450,그린생명과학,20000000
83420,그린케미칼,24000000
186230,그린플러스,10820188
14530,극동유화,34869420
83450,GST,9317745
900070,글로벌에스엠,53743968
204620,글로벌텍스프리,56787848
19660,글로본,34790746
14285,금강공업우,589875
14280,금강공업,29329357
53260,금강철강,18720000
8870,금비,1000000
282720,금양그린파워,12119500
1570,금양,58050037
2995,금호건설우,292266
2990,금호건설,36953595
11785,금호석유우,3023486
11780,금호석유,27672679
214330,금호에이치티,213914131
1210,금호전기,38069709
73240,금호타이어,287260287
36190,금화피에스시,6000000
49080,기가레인,84883347
420770,기가비스,12675758
35460,기산텔레콤,14577340
92440,기신정기,29200000
270,기아,402044203
456700,길교이앤씨,900000
13700,까뮤이앤씨,45152280
308100,까스텔바작,6624733
4545,깨끗한나라우,366160
4540,깨끗한나라,37240693
407400,꿈비,12259474
187790,나노,30840830
286750,나노브릭,20694559
121600,나노신소재,12196078
247660,나노씨엠에스,4343920
39860,나노엔텍,26807627
91970,나노캠텍,37417493
417010,나노팀,19724328
244880,나눔테크,5020000
405920,나라셀라,12878076
288490,나라소프트,52414732
51490,나라엠앤디,14200000
137080,나래나노텍,11059422
190510,나무가,16264384
242040,나무기술,34606264
89600,나스미디어,11568163
293580,나우IB,95770000
257990,나우코스,5883892
138610,나이벡,10230743
130580,나이스디앤비,15400000
36800,나이스정보통신,10000000
30190,NICE평가정보,60107670
267320,나인테크,43664104
1260,남광토건,9832572
8355,남선알미우,307890
8350,남선알미늄,129079090
4270,남성,36212160
3925,남양유업우,200000
3920,남양유업,720000
25860,남해화학,49678843
111710,남화산업,20588000
91590,남화토건,11740000
168330,내츄럴엔도텍,31754900
94860,네오리진,21399569
253590,네오셈,43869164
212560,네오오토,7874963
95660,네오위즈,22033719
42420,네오위즈홀딩스,8856866
950220,네오이뮨텍,98867465
311390,네오크레마,10979147
85910,네오티스,13934818
92730,네오팜,8207361
290660,네오펙트,41371281
306620,네온테크,41713607
153460,네이블,6530014
7390,네이처셀,64157156
33640,네패스,23059202
330860,네패스아크,12184045
5725,넥센우,3600600
5720,넥센,53543977
2355,넥센타이어1우B,6500000
2350,넥센타이어,97667877
89140,넥스턴바이오,10357863
137940,넥스트아이,78320992
160550,NEW,27906106
396270,넥스트칩,18050640
348210,넥스틴,10278332
92790,넥스틸,26002000
225570,넥슨게임즈,65803770
217270,넵튠,46612150
251270,넷마블,85953502
317860,노드메이슨,4429715
104620,노랑풍선,15842126
90355,노루페인트우,463126
90350,노루페인트,20000000
325,노루홀딩스우,243559
320,노루홀딩스,13291151
194700,노바렉스,18754848
285490,노바텍,10575831
283100,노보믹스,6564899
229500,노브메타파마,11090448
106520,노블엠앤비,38695952
376930,노을,36947060
6280,녹십자,11686538
142280,녹십자엠에스,21136211
234690,녹십자웰빙,17752276
5257,녹십자홀딩스2우,845990
5250,녹십자홀딩스,47028210
65560,녹원씨엔아이,16440776
4370,농심,6082642
72710,농심홀딩스,4637790
154030,아시아종묘,11120839
403490,우듬지팜,45212464
54050,농우바이오,16030561
69140,누리플랜,13102743
40160,누리플렉스,12055535
332290,누보,33384803
348340,뉴로메카,10531670
60260,뉴보텍,41560045
123840,뉴온,281344311
12340,뉴인텍,50907162
214870,뉴지랩파마,46796106
270870,뉴트리,9200224
144960,뉴파워프라즈마,43692624
85670,뉴프렉스,24450761
64260,다날,68949040
340360,다보링크,43388212
39560,다산네트웍스,39505981
154040,다산솔루에타,17950094
58730,다스코,19396941
30210,다올투자증권,60911106
23590,다우기술,44866617
32190,다우데이타,38300000
323350,다원넥스뷰,6312500
68240,다원시스,38163437
145210,다이나믹디자인,17301093
19680,대교,84702850
19685,대교우B,19426990
6370,대구백화점,10821611
00806K,대덕1우,1212357
8060,대덕,33890150
353200,대덕전자,49416925
35320K,대덕전자1우,2095519
178600,대동고려삼,4449600
20400,대동금속,3189166
8830,대동기어,8987520
490,대동,25640788
48470,대동스틸,10000000
8110,대동전자,10490447
4780,대륙제관,15903199
5750,대림B&Co,16672240
17650,대림제지,9000000
6570,대림통상,15225000
7720,대명소노시즌,100800450
389260,대명에너지,17050000
317850,대모,8324420
290670,대보마그네틱,7857660
78140,대봉엘에스,11086579
65150,대산F&B,125282405
1685,대상우,1370223
1680,대상,34648025
84695,대상홀딩스우,913482
84690,대상홀딩스,36212538
36480,대성미생물,3800000
128820,대성산업,45235478
117580,대성에너지,27500000
27830,대성창투,54000000
104040,대성파인텍,31301281
129920,대성하이텍,13715053
16710,대성홀딩스,16089459
438220,대신밸런스제13호스팩,5640000
442310,대신밸런스제14호스팩,6710000
457390,대신밸런스제15호스팩,7035000
457630,대신밸런스제16호스팩,7310000
471050,대신밸런스제17호스팩,6060000
20180,대신정보통신,38428915
3545,대신증권우,26000000
3547,대신증권2우B,10000000
3540,대신증권,50773400
45390,대아티아이,70473377
9190,대양금속,39608790
108380,대양전기공업,9567333
6580,대양제지,26850000
14160,대영포장,108394549
47040,대우건설,415622638
9320,대우부품,49299770
3090,대웅,58141980
69620,대웅제약,11586575
7680,대원,13446474
430,대원강업,62000000
48910,대원미디어,12578946
5710,대원산업,20037600
6345,대원전선우,2621200
6340,대원전선,74979175
3220,대원제약,22190194
24890,대원화성,41249152
290380,대유,24713612
2880,대유에이텍,46744020
300,대유플러스,126454909
120240,대정화금,7190391
3310,대주산업,35392350
114920,대주이엔티,3469500
78600,대주전자재료,15480593
15230,대창단조,28572230
12800,대창,91140499
96350,대창솔루션,163761009
140520,대창스틸,21109243
131220,대한과학,7454490
10170,대한광통신,74511166
54670,대한뉴팜,14354920
1070,대한방직,5300000
23910,대한약품,6000000
6650,대한유화,6500000
1440,대한전선,186447300
84010,대한제강,23414397
1795,대한제당우,6482760
1790,대한제당,89696580
1130,대한제분,1690000
3495,대한항공우,1110794
3490,대한항공,368220661
5880,대한해운,319177460
3830,대한화섬,1328000
16090,대현,44282310
69460,대호에이엘,67544896
21040,대호특수강,10852387
21045,대호특수강우,424246
67080,대화제약,18616650
161570,THE MIDONG,21096354
43090,더테크놀로지,70912752
298540,더네이쳐홀딩스,14751076
32860,더라미,40395863
192080,더블유게임즈,21495906
393890,더블유씨피,33696518
299170,더블유에스아이,30027963
89230,THE E&M,20311761
12510,더존비즈온,30382784
224060,더코디,4748398
302920,더콘텐츠온,4552359
213420,덕산네오룩스,24831179
317330,덕산테코피아,19959726
77360,덕산하이메탈,45437002
4835,덕성우,1392000
4830,덕성,15680000
90410,덕신이피씨,46084095
24900,덕양산업,32564980
263600,덕우전자,15930310
194480,데브시스터즈,12013380
263800,데이타솔루션,16216380
199150,데이터스트림즈,4268613
206560,덱스터,25411736
261200,덴티스,15809700
145720,덴티움,11068830
227420,도부마스크,16444510
67990,도이치모터스,31181550
2150,도화엔지니어링,33720000
6620,동구바이오제약,28464992
5160,동국산업,54244482
460850,동국씨엠,29898656
75970,동국알앤에스,18400000
100130,동국S&C,57143000
460860,동국제강,49608017
86450,동국제약,44460000
1230,동국홀딩스,31800483
4140,동방,47971766
99410,동방선기,14000000
7590,동방아그로,13617577
5965,동부건설우,225732
5960,동부건설,22946345
26960,동서,99700000
2210,동성제약,26100970
102260,동성케미컬,49689728
33500,동성화인텍,29989494
25950,동신건설,8400000
640,동아쏘시오홀딩스,6348913
170900,동아에스티,8834970
88130,동아엘텍,10662938
28100,동아지질,14052646
282690,동아타이어,13733015
41930,동아화성,15800000
1525,동양우,617731
1527,동양2우B,308569
84670,동양고속,2895569
1520,동양,238684063
82640,동양생명,161358585
60380,동양에스텍,19700000
79960,동양이엔피,7860000
8970,동양철관,118885290
228340,동양파일,20000000
92780,동양피스톤,13168460
88910,동우팜투테이블,25831764
94170,동운아나텍,18952781
49770,동원F&B,19295620
13120,동원개발,90808100
18500,동원금속,46754933
6040,동원산업,36021895
30720,동원수산,4653805
14825,동원시스템즈우,264111
14820,동원시스템즈,28991282
111380,동인기연,6128000
163560,동일고무벨트,13900000
109860,동일금속,9100000
32960,동일기연,3986323
4890,동일산업,2425215
2690,동일제강,20300360
23790,동일철강,19712667
5290,동진쎄미켐,51414494
25900,동화기업,50552040
20,동화약품,27931470
155,두산우,3996462
157,두산2우B,893038
454910,두산로보틱스,64819980
241560,두산밥캣,100249166
150,두산,16523835
34020,두산에너빌리티,640561146
131970,두산테스나,17006566
33626K,두산퓨얼셀1우,13364200
33626L,두산퓨얼셀2우B,2986300
336260,두산퓨얼셀,65493726
16740,두올,33066680
73190,듀오백,11968040
176750,듀켐바이오,27025220
30350,드래곤플라이,69388973
203650,드림시큐리티,50605754
223250,드림씨아이에스,23709280
60570,드림어스컴퍼니,75621573
362990,드림인사이트,16491966
192650,드림텍,68872362
217620,디딤이앤에프,57747210
16670,디모아,101858024
187870,디바이스이엔지,7036609
456440,DB금융스팩11호,5315000
24090,디씨엠,11400000
3160,디아이,28300000
92200,디아이씨,38888569
110990,디아이티,18900000
4840,DRB동일,19930000
263690,디알젬,11325610
214680,디알텍,73727108
347850,디앤디파마텍,10429232
377190,디앤디플랫폼리츠,64400000
263720,디앤씨미디어,12524473
376300,디어유,23738406
241520,DSC인베스트먼트,27496125
109740,디에스케이,25710390
290120,DH오토리드,15515138
25440,DH오토웨어,153906120
196490,디에이테크놀로지,169409360
66900,디에이피,22744503
180400,DXVX,30219432
127120,디엔에이링크,18686556
92070,디엔에프,11571858
7340,DN오토모티브,9994005
68790,DMS,24573061
39840,디오,15881755
219550,디와이디,58771527
13570,디와이,26319633
310870,디와이씨,20687271
210540,디와이파워,11041708
104460,디와이피엔에프,10713625
79810,디이엔티,22028094
113810,디젠스,32628051
43360,디지아이,9000000
197140,디지캡,13013154
68930,디지털대성,27675342
33130,디지틀조선,37115267
60900,DGP,25258229
105740,디케이락,10156513
263020,디케이앤디,15069831
290550,디케이티,18894839
66670,디티씨,18691918
187220,디티앤씨,11698021
383930,디티앤씨알오,12770512
163430,디피코,9829553
131180,딜리,29350000
315640,딥노이드,22421268
223310,딥마인드,22839375
317120,라닉스,9660000
42510,라온시큐어,56025871
232680,라온테크,12534234
418420,라온텍,30108433
300120,라온피플,20860012
171120,라이온켐텍,35901760
388790,라이콤,29913930
347700,라이프시맨틱스,15664510
214260,라파스,8667916
403360,라피치,2904000
115390,락앤락,43326411
200350,래몽래인,9828153
171010,램테크놀러지,14204056
84650,랩지노믹스,74239990
217500,러셀,31812000
92590,럭스피아,7291098
38390,레드캡투어,8589480
294140,레몬,21000000
443250,레뷰코퍼레이션,11179386
228670,레이,15396774
228850,레이언스,16591014
412350,레이저쎌,8706472
199550,레이저옵텍,11512833
281740,레이크머티리얼즈,65730548
277810,레인보우로보틱스,19399858
215100,로보로보,20348454
90360,로보스타,9750000
238500,로보쓰리에이아이,38073488
108490,로보티즈,13045168
900260,로스웰,36031288
223220,로지스몬,46051176
67730,로지시스,9673922
71280,로체시스템즈,15296603
32350,롯데관광개발,76185869
89860,롯데렌탈,36634063
330590,롯데리츠,242968884
400,롯데손해보험,310336320
23530,롯데쇼핑,28288755
20150,롯데에너지머티리얼즈,46110835
280360,롯데웰푸드,9434574
286940,롯데이노베이트,15396331
4000,롯데정밀화학,25800000
00499K,롯데지주우,805603
4990,롯데지주,104909237
5305,롯데칠성우,775310
5300,롯데칠성,9278884
11170,롯데케미칼,42775419
71840,롯데하이마트,23607712
328130,루닛,28830630
38060,루멘스,48103069
162120,루켄테크놀러지스,10989936
253610,루트락,10104305
60240,룽투코리아,25429284
141080,리가켐바이오,36165693
58470,리노공업,15242370
16100,리더스코스메틱,19100894
12700,리드코프,26446135
302550,리메드,30638080
73570,리튬포어스,35970918
377450,리파인,17330000
277070,린드먼아시아,13692000
42500,링네트,19070134
193250,링크드,63323377
219420,링크제니시스,11469507
439090,마녀공장,16378260
27740,마니커,63511228
195500,마니커에프앤지,15928000
357430,마스턴프리미어리츠,26580000
377480,마음AI,6177383
305090,마이크로디지탈,15636664
448780,마이크로엔엑스,2677680
424980,마이크로투나노,5918890
169330,엠브레인,18256918
38290,마크로젠,10841400
1080,만호제강,4150000
267980,매일유업,7843638
5990,매일홀딩스,13718304
93520,매커스,16163092
377030,맥스트,19570882
88980,맥쿼리인프라,435781355
179720,머니무브,2059047
100590,머큐리,15830023
67280,멀티캠퍼스,5926779
72870,메가스터디,11920959
215200,메가스터디교육,11694474
133750,메가엠디,23407077
446540,메가터치,20771000
235980,메드팩토,33580695
200580,메디쎄이,3726079
41920,메디아나,18598223
233250,메디안디노스틱,1746534
14100,메디앙스,11800000
236340,메디젠휴먼케어,3014647
54180,메디콕스,57151168
86900,메디톡스,7298468
78160,메디포스트,34217785
138040,메리츠금융지주,190720114
408920,메쎄이상,43232455
21880,메이슨캐피탈,152184408
140410,메지온,29754627
241770,메카로,10192640
90370,메타랩스,24904689
59210,메타바이오메드,23862351
58110,멕아이씨에스,16050530
17180,명문제약,33953454
9900,명신산업,52470133
12690,모나리자,36571255
5360,모나미,18897307
434480,모니터랩,12170300
80420,모다이노칩,79721622
417970,모델솔루션,6396700
80160,모두투어,18900000
87260,모바일어플라이언스,32552861
101330,모베이스,23147029
12860,모베이스전자,73233457
363260,모비데이즈,160818847
348030,모비릭스,9603800
250060,모비스,32171314
288980,모아데이타,34556562
142760,모아라이프플러스,37734811
33200,모아텍,14331185
333050,모코엠시스,24255455
9680,모토닉,33000000
118990,모트렉스,24861990
6920,모헨즈,10920000
38340,MIT,26484298
1810,무림SP,22137500
9200,무림페이퍼,41609310
9580,무림P&P,62368324
322970,무진메디,10051978
33920,무학,28500000
8420,문배철강,20503505
279600,미디어젠,4684781
95500,미래나노텍,31009999
254490,미래반도체,14438000
25560,미래산업,30429770
218150,미래생명자원,20415802
7120,미래아이앤지,27883584
396690,미래에셋글로벌리츠,39605940
442900,미래에셋드림스팩1호,7680000
357250,미래에셋맵스리츠,24995105
94800,맵스리얼티1,92834331
100790,미래에셋벤처투자,53124634
412930,미래에셋비전스팩1호,6176000
446190,미래에셋비전스팩2호,4950000
448830,미래에셋비전스팩3호,4920000
85620,미래에셋생명,177016189
6805,미래에셋증권우,14075750
00680K,미래에셋증권2우B,140000000
6800,미래에셋증권,595316408
208890,미래엔에듀파트너,4005520
49950,미래컴퍼니,8817884
207760,미스터블루,80334869
2840,미원상사,4750000
268280,미원에스씨,5000000
107590,미원홀딩스,2320000
134380,미원화학,2199268
351020,미쥬,2075000
3650,미창석유,1739672
59090,미코,33416778
214610,미코바이오메드,43568945
201490,미투온,31257770
452200,민테크,21945300
418470,밀리의서재,8499289
206640,바디텍메드,23486560
18700,바른손,35119757
35620,바른손이앤에이,74439675
354390,바스칸바이오제약,7018247
53030,바이넥스,31761048
301300,바이브컴퍼니,12376522
377740,바이오노트,102056048
64550,바이오니아,25810291
314930,바이오다인,29764103
208710,바이오로그디바이스,62600334
86820,바이오솔루션,8143426
38460,바이오스마트,23076256
251120,바이오에프디엔씨,8695700
199730,바이오인프라,4834367
266470,바이오인프라생명과학,14106847
289170,바이오텐,3511509
86040,바이오톡스텍,15958247
199290,바이오프로테크,16325192
99430,바이오플러스,57930864
32980,바이온,40517904
308080,바이젠셀,19263740
43150,바텍,14854256
323990,박셀바이오,22993200
3610,방림,42314090
267790,배럴,7888500
1340,백광산업,44918407
46310,백금T&A,16418641
35150,백산,22515000
331520,밸로프,50864390
438700,버넥트,11144890
66410,버킷스튜디오,84109926
2410,범양건영,24831982
382900,범한퓨얼셀,8761000
206400,베노티앤알,30736095
19010,베뉴지,48200000
177350,베셀,80372043
424760,벨로크,19545002
7210,벽산,67560000
225530,보광산업,36338727
250000,보라티알,6750733
2760,보락,59900000
3850,보령,68690000
310210,보로노이,17780225
6910,보성파워텍,49129824
890,보해양조,139120129
226340,본느,35447501
206950,볼빅,14077265
8470,부스타,8404800
3000,부광약품,68454671
1275,부국증권우,3000000
1270,부국증권,10369886
26940,부국철강,20000000
14470,부방,60052260
11390,부산산업,1056000
5030,부산주공,78782988
338220,뷰노,13714965
100120,뷰웍스,10001865
406820,뷰티스킨,3534040
337930,브랜드엑스코퍼레이션,29266589
99390,브레인즈컴퍼니,8208283
64480,브리지텍,11952500
288330,브릿지바이오테라퓨틱스,24383808
365900,브이씨,7310300
89970,브이엠,23980595
251630,브이원텍,15942886
18290,브이티,35798007
44480,블레이드 Ent,34298743
439580,블루엠텍,10884589
33560,블루콤,17100000
191600,블루탑,2850000
369370,블리츠웨이스튜디오,49597132
126340,비나텍,6085118
121800,비덴트,77201611
148140,비디아이,19636839
82800,비보존 제약,48211715
318410,비비씨,5555243
2070,비비안,29793990
100220,비상교육,12996741
419540,비스토스,22992511
146320,비씨엔씨,12792923
200780,비씨월드제약,8892384
413640,비아이매트릭스,7206940
141000,비아트론,12114710
90460,비에이치,34464379
83650,비에이치아이,30944375
139050,BF랩스,8644551
445360,비엔케이제1호스팩,4310000
473370,비엔케이제2호스팩,4210000
65170,비엘팜텍,88970559
86670,비엠티,9125174
335890,비올,58419125
230980,비유테크놀러지,93320557
138580,비즈니스온,22556163
126600,BGF에코머티리얼즈,54033275
82920,비츠로셀,22605600
54220,비츠로시스,49160599
42370,비츠로테크,26200025
50090,비케이홀딩스,19784735
148780,비큐 AI,31445725
307870,비투엔,33998194
357880,비트나인,10443956
32850,비트컴퓨터,16623293
238200,비피도,8180000
93190,빅솔론,19238905
65450,빅텍,28652800
210120,빅텐츠,3144610
5180,빙그레,9851241
69540,빛과전자,28626414
72950,빛샘전자,8052610
266170,뿌리깊은나무들,6592267
451250,삐아,9682187
143240,사람인,11709263
3960,사조대림,9164467
8040,사조동아원,141144600
7160,사조산업,5000000
14710,사조씨푸드,17218543
6090,사조오양,9422739
452430,사피엔반도체,7829092
419120,산돌,7774326
122350,삼기,38339428
419050,삼기이브이,57196240
14970,삼륭물산,15125000
18310,삼목에스폼,14700000
12210,삼미금속,35599885
53700,삼보모터스,22877190
9620,삼보산업,50055902
23600,삼보판지,16170000
1470,삼부토건,212037752
28050,삼성E&A,196000000
448730,삼성FN리츠,77300000
6405,삼성SDI우,1617896
6400,삼성SDI,68764530
6660,삼성공조,8126314
425290,삼성스팩6호,5520000
439250,삼성스팩7호,3502000
448740,삼성스팩8호,4664000
468510,삼성스팩9호,11050000
02826K,삼성물산우B,1467590
28260,삼성물산,177784107
207940,삼성바이오로직스,71174000
32830,삼성생명,200000000
18260,삼성에스디에스,77377800
9155,삼성전기우,2906984
9150,삼성전기,74693696
5935,삼성전자우,822886700
5930,삼성전자,5969782550
1360,삼성제약,94162079
10140,삼성중공업,880000000
16360,삼성증권,89300000
68290,삼성출판사,10000000
29780,삼성카드,115858891
815,삼성화재우,3192000
810,삼성화재,47374837
6110,삼아알미늄,14711916
9300,삼아제약,6370000
145995,삼양사우,370070
145990,삼양사,10313449
3230,삼양식품,7533015
2170,삼양통상,3000000
272550,삼양패키징,15788671
75,삼양홀딩스우,304058
70,삼양홀딩스,8564271
60310,3S,48536642
2810,삼영무역,18466948
3720,삼영,34000000
361670,삼영에스앤씨,5667658
54540,삼영엠텍,13000000
65570,삼영이엔씨,12682996
5680,삼영전자,20000000
23000,삼원강재,40000000
4380,삼익THK,21000000
2450,삼익악기,90530915
32280,삼일,16213590
2290,삼일기업공사,12400000
4440,삼일씨엔에스,12731947
520,삼일제약,20871467
9770,삼정펄프,2499971
37460,삼지전자,16318522
32750,삼진,9031122
54090,삼진엘앤디,24959232
5500,삼진제약,13900000
250,삼천당제약,23457472
4690,삼천리,4055025
24950,삼천리자전거,13273577
38500,삼표시멘트,107916306
437730,삼현,10569189
17480,삼현철강,15702890
10960,삼호개발,25000000
46390,삼화네트웍스,43172933
4450,삼화왕관,2154379
9470,삼화전기,6613820
11230,삼화전자,16902700
1820,삼화콘덴서,10395000
390,삼화페인트,27203469
27580,상보,59181279
38540,상상인,55328313
101000,상상인인더스트리,28296199
415580,상상인제3호스팩,5310000
452670,상상인제4호스팩,5220000
1290,상상인증권,108337120
41650,상신브레이크,21471450
91580,상신이디피,13428219
263810,상신전자,14244718
89980,상아프론테크,15989037
42940,상지건설,119454440
42600,새로닉스,12423574
75180,새론오토모티브,19200000
107600,새빗켐,4861545
411080,샌즈랩,15248638
252990,샘씨엔에스,58388063
7540,샘표,2875800
248170,샘표식품,4568286
378800,샤페론,23071031
294630,서남,23538459
38070,서린바이오,8900676
6730,서부T&D,67426923
79650,서산,20000000
100660,서암기계공업,12600000
7860,서연,23479844
200880,서연이화,27028437
19770,서연탑메탈,11650000
17390,서울가스,5000000
43710,서울리거,50198880
92190,서울바이오시스,45868383
46890,서울반도체,58305400
4415,서울식품우,2224500
4410,서울식품,374755559
63170,서울옥션,17774267
27040,서울전자통신,69588847
18680,서울제약,11659319
21050,서원,47474590
93920,서원인텍,18600000
189860,서전기전,9698780
178320,서진시스템,48042851
122690,서진오토모티브,21844410
140070,서플러스글로벌,36988000
11370,서한,100894865
65710,서호전기,5150000
8490,서흥,11569113
35890,서희건설,229808457
357550,석경에이티,5455000
3100,선광,6600000
7610,선도전기,18000000
67370,선바이오,12313555
2820,SUN&L,12607989
171090,선익시스템,9494405
136490,선진,23779604
86710,선진뷰티사이언스,12203280
14620,성광벤드,28600000
37350,성도이엔지,15470000
14915,성문전자우,600000
14910,성문전자,22460985
3080,성보화학,20020000
4985,성신양회우,735645
4980,성신양회,24516073
11300,성안머티리얼스,70551785
81580,성우전자,15508143
45300,성우테크론,10151583
15750,성우하이텍,80000000
365340,성일하이텍,12104890
180,성창기업지주,69751600
80470,성창오토텍,7300000
43260,성호전자,57149531
148150,세경하이테크,35663750
2420,세기상사,5558848
188260,세니젠,7157710
53060,세동,17657419
340440,세림B&G,28378364
17510,세명전기,15246000
4365,세방우,3689250
4360,세방,19308690
4490,세방전지,14000000
11560,세보엠이씨,10530000
267080,세븐브로이맥주,11871408
396300,세아메카닉스,26489500
1430,세아베스틸지주,35862119
306200,세아제강,2836300
3030,세아제강지주,4141657
19440,세아특수강,8570000
58650,세아홀딩스,4000000
13000,세우글로벌,28705031
100700,세운메디칼,43800000
24830,세원물산,8350000
91090,세원이앤씨,43180255
21820,세원정공,10000000
67830,세이브존I&C,41040895
258830,세종메디칼,55365742
36630,세종텔레콤,220000000
39310,세중,18121667
75580,세진중공업,56849456
67770,세진티에스,8396593
53450,세코닉스,14792803
222810,세토피아,75659350
252500,세화피앤씨,41486390
321370,센서뷰,26130380
347000,센코,33004976
331920,셀레믹스,8164148
49180,셀루메드,49234444
299660,셀리드,13602977
268600,셀리버리,36667845
108860,셀바스AI,26914790
208370,셀바스헬스케어,25680564
318160,셀바이오휴먼텍,9260901
258250,셀젠텍,4989375
68270,셀트리온,216993223
68760,셀트리온제약,41585174
68940,셀피글로벌,38260597
60230,소니드,40360949
290690,소룩스,29298150
950200,소마젠,19236053
32680,소프트센,105590764
32685,소프트센우,357142
258790,소프트캠프,24991284
66910,손오공,33784259
43100,솔고바이오,67759208
33637K,솔루스첨단소재1우,16908766
33637L,솔루스첨단소재2우B,3778296
336370,솔루스첨단소재,70217344
248070,솔루엠,50005551
35610,솔본,27345997
357780,솔브레인,7778566
36830,솔브레인홀딩스,20964056
304100,솔트룩스,12093808
328380,솔트웨어,34262778
4430,송원산업,24000000
86980,쇼박스,62638000
50960,수산아이앤티,6751000
126720,수산인더스트리,14286000
17550,수산중공업,62399130
84180,수성웹툰,115840039
253840,수젠텍,16725608
67160,SOOP,11494767
298830,슈어소프트테크,52619061
236200,슈프리마,7193273
94840,슈프리마에이치큐,10471840
192440,슈피겐코리아,6216363
424960,스마트레이더시스템,15569340
136510,스마트솔루션즈,57451841
99440,스맥,40243394
33790,스카이문스테크놀로지,17117100
276040,스코넥,12554474
159910,스킨앤스킨,35415074
204210,스타리츠,7826815
115570,스타플렉스,7984508
330730,스톤브릿지벤처스,18150830
352090,스톰테크,13436499
204630,스튜디오산타클로스,122877186
253450,스튜디오드래곤,30058498
408900,스튜디오미르,31552846
415380,스튜디오삼익,4225498
26890,스틱인베스트먼트,41678175
13810,스페코,14655470
203690,스피어파워,12565851
49830,승일,6132112
20710,시공테크,20047970
33170,시그네틱스,85728319
48870,시너지이노베이션,82708344
25320,시노펙스,83817936
134790,시디즈,2000000
269620,시스웍,148582691
480,CR홀딩스,46890490
429270,시지트로닉스,4506250
418250,시큐레터,7981542
131090,시큐브,44000000
232830,시큐센,11707472
16590,신대양제지,40297820
290520,신도기연,15929362
29530,신도리코,10080029
4970,신라교역,16000000
1000,신라섬유,24277540
25870,신라에스지,4000000
215600,신라젠,102867125
65350,신성델타테크,27483948
416180,신성에스티,9039778
11930,신성이엔지,205848151
5390,신성통상,143708390
34300,신세계건설,7760554
4170,신세계,9845181
35510,신세계 I&C,17200000
31430,신세계인터내셔날,35700000
31440,신세계푸드,3872480
6880,신송홀딩스,11828858
162300,신스틸,41471382
290560,신시웨이,3877972
2800,신신제약,15170500
5800,신영와코루,9000000
1720,신영증권,16440000
472220,신영스팩10호,4690000
430220,신영스팩8호,6760000
445970,신영스팩9호,5360000
9270,신원,102586356
17000,신원종합개발,11668027
2700,신일전자,71047521
12790,신일제약,11986415
138070,신진에스엠,17503204
226330,신테카바이오,15258475
2870,신풍,34958700
19175,신풍제약우,2200000
19170,신풍제약,52984990
55550,신한지주,509393214
404990,신한서부티엔디리츠,55955884
293940,신한알파리츠,88100123
418210,신한제10호스팩,3660000
452980,신한제11호스팩,18905000
474660,신한제12호스팩,5520000
474930,신한제13호스팩,3620000
405640,신한제9호스팩,4535000
56700,신화인터텍,29135091
187270,신화콘텍,10143845
4080,신흥,9500000
243840,신흥에스이씨,38919035
257720,실리콘투,60389234
222800,심텍,31854143
36710,심텍홀딩스,48350145
160980,싸이맥스,10924243
356890,싸이버원,11916325
217330,싸이토젠,22423102
102280,쌍방울,262592129
3410,쌍용C&E,443786866
10280,쌍용정보통신,65123786
4770,써니전자,36702884
217320,썬테크,1050000
208640,썸에이지,139240254
222420,쎄노텍,45460231
37760,쎄니트,33832921
99320,쎄트렉아이,10951278
49960,쎌바이오텍,9400000
88280,쏘닉스,17306490
403550,쏘카,32794652
50890,쏠리드,61221640
13720,CBI,42834188
109670,씨싸이트,5712921
66790,씨씨에스,65152039
222080,씨아이에스,71440876
4920,씨아이테크,50065793
236030,씨알푸드,2033332
103660,씨앗,6017471
352480,씨앤씨인터내셔널,10013941
245450,씨앤에스링크,1579960
23460,CNH,37200000
264660,씨앤지하이테크,9316935
352700,씨앤투스,27276899
56730,CNT85,74111186
65770,CS,19411130
297090,씨에스베어링,27270000
83660,CSA 코스믹,61247181
112610,씨에스윈드,42171403
900120,씨엑스아이,288232166
359090,씨엔알리서치,56112263
286000,씨엔티드림,4739422
115530,씨엔플러스,67963000
115480,씨유메디칼,48224558
340810,씨유박스,10347861
376290,씨유테크,17657500
189330,씨이랩,6092284
120,CJ대한통운,22812344
311690,CJ 바이오사이언스,9112502
79160,CJ CGV,122432292
35760,CJ ENM,21929154
97955,CJ제일제당 우,1327433
97950,CJ제일제당,15054186
51500,CJ프레시웨이,11871586
96530,씨젠,52225994
83790,CG인바이츠,76894182
101240,씨큐브,10340947
60590,씨티씨바이오,24181020
308170,씨티알모빌리티,8610000
260930,씨티케이,19341591
52300,씨티프라퍼티,132651430
13990,아가방컴퍼니,32887536
123860,아나패스,12123415
25980,아난티,90629478
8700,아남전자,77124820
125210,아모그린텍,16496790
2795,아모레G우,6443770
00279K,아모레G3우(전환),7092200
2790,아모레G,82458180
90435,아모레퍼시픽우,10557830
90430,아모레퍼시픽,58492759
52710,아모텍,14615109
74430,아미노로직스,87826844
92040,아미코젠,55018347
83930,아바코,14912798
149950,아바텍,15607500
36010,아비코전자,13292934
2030,아세아,2115648
183190,아세아시멘트,38501886
2310,아세아제지,44782510
50860,아세아텍,22500000
12170,아센디오,103569488
136410,아셈스,11019106
246720,아스타,13203955
67390,아스트,315612111
159010,아스플로,13334739
127710,아시아경제,34904082
267850,아시아나IDT,11100000
20560,아시아나항공,74411764
227610,아우딘퓨쳐스,31651838
143160,아이디스,10716390
54800,아이디스홀딩스,10347756
332370,아이디피,13273726
122900,아이마켓코리아,33428840
339950,아이비김영,44946655
439730,IBKS제20호스팩,4310000
442770,IBKS제21호스팩,4210000
448760,IBKS제22호스팩,4430000
467930,IBKS제23호스팩,4230000
469480,IBKS제24호스팩,4230000
99190,아이센스,27637273
289010,아이스크림에듀,12864037
214430,아이쓰리시스템,7106760
40910,아이씨디,18574275
368600,아이씨에이치,17538346
52860,아이앤씨,17862854
10780,아이에스동서,30186976
95340,ISC,21197058
69920,아이에스이커머스,25826362
38880,아이에이,315334702
307180,아이엘사이언스,26701698
101390,아이엠,9625837
461030,아이엠비디엑스,13992625
52220,iMBC,23000000
456570,아이엠지티,4938485
451220,아이엠티,7874611
447690,아이오바이오,2564067
78860,아이오케이,4806323
90150,아이윈,41875293
123010,아이윈플러스,32658542
31310,아이즈비전,22843356
185490,아이진,27029784
59100,아이컴포넌트,7070860
149010,아이케이세미콘,3120000
262840,아이퀘스트,19290000
175250,아이큐어,37558368
52460,아이크래프트,14607936
119830,아이텍,21434297
52770,아이톡시,43979489
124500,아이티센,23204527
372800,아이티아이즈,6026990
99520,ITX-AI,45281824
84850,아이티엠반도체,22682934
114840,아이패밀리에스씨,17201944
139990,아주스틸,26452189
27360,아주IB투자,120845406
32080,아즈텍WB,21491029
13310,아진산업,38806582
59120,아진엑스텍,9748596
158430,아톤,22576635
321820,아티스트유나이티드,13366460
149300,아퓨어스,43486252
102950,아하,13121903
1540,안국약품,13042420
53800,안랩,10013855
251280,안지오랩,2989678
65660,안트로젠,9731373
297570,알로이스,34621218
1780,알루코,96681632
260660,알리코제약,15327021
354320,알멕,6391381
361570,알비더블유,28635291
131370,알서포트,53267083
140670,알에스오토메이션,9303140
327260,RF머트리얼즈,8433231
96610,알에프세미,17386411
218410,RFHIC,26484442
61040,알에프텍,32089259
148250,알엔투테크놀로지,7391186
347860,알체라,21550372
196170,알테오젠,53011828
123750,알톤,12746297
85810,알티캐스트,29685769
117670,알파홀딩스,39940137
314140,알피바이오,8666361
291650,압타머사이언스,16980252
293780,압타바이오,22298866
18250,애경산업,26409935
161000,애경케미칼,48648709
390110,애니메디솔루션,9087297
196300,애니젠,6003387
310200,애니플러스,45520979
299910,애닉,4721384
179530,애드바이오텍,9140444
900100,애머릿지,42197899
205500,액션스퀘어,51928120
52790,액토즈소프트,11330638
290740,액트로,10065011
238090,앤디포스,23541303
92600,앤씨앤,25083517
129890,앱코,50643410
174900,앱클론,16423321
255440,야스,13058000
30960,양지사,15980000
102120,어보브반도체,17780753
263540,어스앤에어로스페이스,14294091
238120,얼라인드,14378896
224810,엄지하우스,4200000
19990,에너토크,9756088
11090,에넥스,59991641
270660,에브리봇,12231342
38680,에스넷,19549677
137310,에스디바이오센서,124477353
217480,에스디생명공학,109733141
121890,에스디시스템,12686120
99220,SDN,56171811
118000,에스메디,142777363
304360,에스바이오메딕스,11427076
289080,SV인베스트먼트,53234000
389500,에스비비테크,6174904
19550,SBI인베스트먼트,162066575
34120,SBS,18551238
42110,에스씨디,48329564
36120,SCI평가정보,35500000
246960,SCL사이언스,7236830
298060,에스씨엠생명과학,20467248
65420,에스아이리소스,71577299
270210,에스알바이오텍,1242705
103230,에스앤더블류,7200000
260970,에스앤디,2892754
101490,에스앤에스텍,21451447
95910,에스에너지,19504503
275630,에스에스알,6017989
419530,SAMG엔터,8590930
31330,에스에이엠티,99995067
351320,에스에이티이엔지,22015886
60540,에스에이티,26133306
56190,에스에프에이,35908760
36540,SFA반도체,164460303
80000,에스엔유,34322870
91340,S&K폴리텍,11703721
5850,에스엘,46448520
214310,에스엘에너지,73582603
246250,에스엘에스바이오,7674103
258540,에스엘테라퓨틱스,10378119
63440,SM Life Design,46029154
10580,에스엠벡셀,111251760
299670,에스엠비나,5450000
41510,에스엠,23589522
48550,SM C&C,96706620
7820,에스엠코어,20033946
109610,에스와이,48907400
365330,에스와이스틸텍,30610000
12750,에스원,37999178
31860,에스유홀딩스,13030351
306040,에스제이그룹,9865828
33530,에스제이지세종,27820961
217910,에스제이켐,12990522
4060,SG세계물산,202424960
16250,SGC E&C,3243585
49470,SGA,58862249
184230,SGA솔루션즈,62599161
40610,SG&G,34087196
255220,SG,61175890
6125,SK디스커버리우,1358455
6120,SK디스커버리,18785855
302440,SK바이오사이언스,76827750
326030,SK바이오팜,78313250
475150,SK이터닉스,25560170
457940,에스케이증권제10호스팩,3310000
472230,에스케이증권제11호스팩,4155000
473000,에스케이증권제12호스팩,3310000
435870,에스케이증권제8호스팩,3720000
455910,에스케이증권제9호스팩,5020000
660,SK하이닉스,728002365
96630,에스코넥,77674543
69510,에스텍,10910000
234300,에스트래픽,27532242
39440,에스티아이,15830000
98660,에스티오,12500976
52020,에스티큐브,46694249
237690,에스티팜,18933904
50760,에스폴리텍,16334678
288620,에스퓨얼셀,6979316
443670,에스피소프트,21197026
317830,에스피시스템스,10773818
58610,에스피지,22177360
43340,에쎈테크,95000000
23960,에쓰씨엔지니어링,32861366
298690,에어부산,116640000
187660,에이디엠코리아,21836250
54630,에이디칩스,79709461
200710,에이디테크놀로지,13440822
96690,에이루트,33477189
78520,에이블씨엔씨,26014161
298380,에이비엘바이오,47892539
203400,에이비온,22025993
195990,에이비프로바이오,284689721
3800,에이스침대,11090000
88800,에이스테크,69926073
241840,에이스토리,9539994
311960,에이아이더뉴트리진,3062664
453860,에이에스텍,5657215
312610,에이에프더블류,20256888
15260,에이엔피,45116894
172670,에이엘티,8960259
234070,에이원알폼,6938482
140910,에이리츠,4463032
445090,에이직랜드,10678404
39570,HDC랩스,25957601
89470,HDC현대EP,31900000
9540,HD한국조선해양,70773116
267270,HD현대건설기계,19700793
443060,HD현대마린솔루션,44450000
10620,HD현대미포,39942149
267250,HD현대,78993085
322000,HD현대에너지솔루션,11200000
42670,HD현대인프라코어,199603453
267260,HD현대일렉트릭,36047135
329180,HD현대중공업,88773116
297890,HB솔루션,73114318
440290,HB인베스트먼트,27107010
78150,HB테크놀러지,92715916
72990,에이치시티,7287341
36640,HRS,16354800
44990,에이치엔에스하이텍,7511064
28300,HLB,130830364
3580,HLB글로벌,46679897
278650,HLB바이오스텝,86324714
343090,HLB사이언스,16440407
67630,HLB생명과학,107644871
47920,HLB제약,31766701
115450,HLB테라퓨틱스,79249138
46210,HLB파나진,41014527
239610,에이치엘사이언스,5392115
462020,에이치엠씨제6호스팩,4345000
11200,HMM,689039496
148930,에이치와이티씨,10175213
44780,에이치케이,18505787
195940,HK이노엔,28329891
403870,HPSP,82934144
357230,에이치피오,42089487
355690,에이텀,5397220
71670,에이테크솔루션,10000000
45660,에이텍,8260000
224110,에이텍모빌리티,5340000
21080,에이티넘인베스트,48000000
89530,에이티세미콘,96494927
200470,에이팩트,42362093
207490,에이펙스인텍,3600000
262260,에이프로,14468152
3060,에이프로젠바이오로직스,66575468
7460,에이프로젠,264837258
397030,에이프릴바이오,21721650
244920,에이플러스에셋,22607693
265520,AP시스템,15281421
278470,에이피알,7620178
54620,APS,19894221
211270,AP위성,15082304
109960,AP헬스케어,114152276
230240,에치에프알,13489026
230360,에코마케팅,32068029
38870,에코바이오,14014949
97780,에코볼트,67730338
448280,에코아이,9877043
101360,에코앤드림,11455283
128540,에코캡,26690460
86520,에코프로,133138340
450080,에코프로머티,68985218
247540,에코프로비엠,97801344
383310,에코프로에이치엔,15304932
38110,에코플라스틱,41169370
73540,에프알텍,11400000
64850,에프앤가이드,12080000
214270,FSN,33250463
36810,에프에스티,21756789
173940,에프엔씨엔터,15392808
83500,에프엔에스테크,8575722
446440,에피바이오텍,2297504
54940,엑사이엔씨,33173548
950130,엑세스바이오,36365847
205100,엑셈,71963431
356680,엑스게이트,28543492
70300,엑스큐어,7366074
317770,엑스페릭스,22781606
373200,엑스플러스,75705657
92870,엑시콘,10848797
317870,엔바이오니아,8506750
67570,엔브이에이치코리아,42170000
236810,엔비티,16975426
140610,엔솔바이오사이언스,10827814
333620,엔시스,10556344
101400,엔시트론,59186224
36570,엔씨소프트,21954022
238170,엔에스엠,20774684
224760,엔에스컴퍼니,3939700
422040,엔에이치스팩23호,7160000
437780,엔에이치스팩24호,5030000
438580,엔에이치스팩25호,3020000
439410,엔에이치스팩26호,8800000
440820,엔에이치스팩27호,7800000
451700,엔에이치스팩29호,14350000
466910,엔에이치스팩30호,9100000
104200,NHN벅스,14827550
60250,NHN KCP,40160611
400760,NH올원리츠,42200000
5945,NH투자증권우,18870968
5940,NH투자증권,327492299
265740,엔에프씨,8931800
53290,NE능률,16526307
354200,엔젠바이오,12889227
455900,엔젤로보틱스,14945381
419080,엔젯,10517817
93510,엔지브이아이,6020000
208860,엔지스테크널러지,16898408
183490,엔지켐생명과학,85065562
85310,엔케이,79983352
182400,엔케이맥스,85518831
348370,엔켐,19089312
58450,엔터파트너즈,11950864
69410,엔텔스,10244824
227950,엔투텍,103575530
291230,엔피,44083393
198080,엔피디,21535185
222160,NPX,9894439
48830,엔피케이,18723923
96870,엘디티,6678400
276240,엘리비젼,10413138
900140,엘브이엠씨홀딩스,171588411
376190,LB루셈,24600000
61970,LB세미콘,43784592
309960,LB인베스트먼트,23217239
290650,엘앤씨바이오,22684891
66970,엘앤에프,36294738
156100,엘앤케이바이오,19936743
60370,LS마린솔루션,25938232
417200,LS머트리얼즈,67652659
311060,엘에이티,7074134
108675,LX하우시스우,1032330
108670,LX하우시스,8967670
38380K,LX홀딩스1우,1465285
383800,LX홀딩스,76280690
73110,엘엠에스,8895755
83310,엘오티베큠,17810033
37560,LG헬로비전,77446865
37950,엘컴텍,84447519
225190,LK삼양,50748440
170920,엘티씨,9805620
58630,엠게임,19543877
58970,엠로,11212120
19590,엠벤처투자,113966542
97520,엠씨넥스,17977732
373170,엠아이큐브솔루션,5037930
179290,엠아이텍,32365678
9780,엠에스씨,17600000
123040,엠에스오토텍,45658277
323230,엠에프엠코리아,43274492
32790,엠젠솔루션,41756563
33160,엠케이전자,22066331
347890,엠투아이,16913204
33310,엠투엔,40342231
259630,엠플러스,12282402
60850,영림원소프트랩,8131000
14440,영보화학,20000000
143540,영우디에스피,44599895
111770,영원무역,44311468
9970,영원무역홀딩스,13635592
3520,영진약품,182892731
670,영풍,1842040
36560,영풍정밀,15750000
6740,영풍제지,46482148
12280,영화금속,51664505
265560,영화테크,10690180
12160,영흥,101310372
36000,예림당,23034277
250930,예선테크,33000440
53280,예스24,25000000
15360,예스코홀딩스,6000000
122640,예스티,20349701
900300,오가닉티코스메틱,245263481
212310,오건에코텍,10189602
45060,오공,16941974
80520,오디텍,11746609
7310,오뚜기,4007830
39830,오로라,10762890
322310,오로스테크놀로지,9366542
46120,오르비텍,27068824
14940,오리엔탈정공,45573661
2630,오리엔트바이오,118583005
65500,오리엔트정공,31742912
271560,오리온,39536132
1800,오리온홀딩스,62645422
10470,오리콤,11975050
417860,오브젠,3904850
352910,오비고,12194808
53980,오상자이엘,18982783
36220,오상헬스케어,14489416
52420,오성첨단소재,84353036
39200,오스코텍,37993965
31510,오스템,28000000
10060,OCI홀딩스,19606262
368970,오에스피,9346160
138080,오이솔루션,10624095
80580,오킨스전자,17679298
67170,오텍,15391605
353590,오토앤,12875570
173130,오파스넷,13046473
49480,오픈베이스,31422383
394280,오픈엣지테크놀로지,21838032
309930,오하임앤컴퍼니,21290990
244460,올리패스,31240601
226950,올릭스,16526595
57540,옴니시스템,61449355
131030,옵투스제약,16153162
82210,옵트론텍,27243789
109080,옵티시스,5636000
380540,옵티코어,28797096
153710,옵티팜,14669958
51390,YW,11355368
432430,와이랩,16122320
338840,와이바이오로직스,14769516
57030,YBM넷,16312697
122990,와이솔,28186941
232140,와이씨,82045350
112290,와이씨켐,10110545
65530,와이어블,52860000
67900,와이엔텍,18199659
7530,와이엠,19174452
155650,와이엠씨,19474358
273640,와이엠텍,10966000
251370,와이엠티,16314464
66430,와이오엠,39153476
273060,와이즈버즈,50459582
19210,와이지-원,33573819
122870,와이지엔터테인먼트,18691049
37270,YG PLUS,63429410
11690,와이투솔루션,36574394
40300,YTN,42000000
332570,와이팜,41590267
79000,와토스코리아,7200000
316140,우리금융지주,742591501
32820,우리기술,153819262
41190,우리기술투자,84000000
115440,우리넷,10754239
46970,우리로,43824999
82850,우리바이오,48436578
215360,우리산업,9132163
72470,우리산업홀딩스,18887341
73560,우리손에프앤지,69237643
37400,우리엔터프라이즈,26223346
153490,우리이앤엘,51480000
101170,우림피티에스,13500000
6980,우성,3090000
66590,우수AMS,39073104
17370,우신시스템,18314054
103840,우양,16366428
46940,우원개발,18074350
215380,우정바이오,13639326
65680,우주일렉트로,9530000
105840,우진,20323614
18620,우진비앤지,28889293
10400,우진아이엔에스,7622000
457550,우진엔텍,9271339
49800,우진플라임,20000000
16880,웅진,79927080
95720,웅진씽크빅,115505985
396470,워트,16120000
5820,원림,2297970
307280,원바이오젠,36959013
32940,원익,18193230
104830,원익머트리얼즈,12608000
240810,원익IPS,49083901
14190,원익큐브,35399906
74600,원익QnC,26288000
217820,원익피앤이,47454559
30530,원익홀딩스,77237981
12620,원일특강,4400000
382840,원준,15271581
336570,원텍,89340619
376980,원티드랩,9657906
122830,원포유,32751985
8370,원풍,12000000
8290,원풍물산,40693679
101160,월덱스,16510993
64090,웨스트라이즈,35931831
336060,웨이버스,48155200
95270,웨이브일렉트로,14971256
10600,웰바이오텍,90923407
65950,웰크론,28231302
76080,웰크론한텍,22594156
43590,웰킵스하이텍,27136762
196700,웹스,14364144
69080,웹젠,34950884
53580,웹케시,13636248
71460,위니아,35967295
377460,위니아에이드,15393405
44340,위닉스,17873425
330350,위더스제약,13202139
348350,위드텍,10183600
112040,위메이드,33948483
101730,위메이드맥스,33295292
123420,위메이드플레이,11469842
65370,위세아이텍,7383954
140660,위월드,2487252
38620,위즈코프,66546465
299900,위지윅스튜디오,171048884
36090,위지트,118392284
136540,윈스,13644162
320000,윈텍,18499148
97800,윈팩,59584496
192390,윈하이텍,10924991
8600,윌비스,67236039
335870,윙스풋,16681422
900340,윙입푸드,47973428
14830,유니드,6767600
446070,유니드비티플러스,10611215
36200,유니셈,30664223
18000,유니슨,126391459
47400,유니온머티리얼,42000000
910,유니온,15611619
203450,유니온커뮤니티,14079007
11330,유니켐,96754880
77500,유니퀘스트,21794015
11320,유니크,19320695
86390,유니테스트,21134126
241690,유니테크노,24470706
142210,유니트론텍,19246092
121060,유니포인트,5981670
48430,유라테크,11520000
206650,유바이오로직스,36484307
89850,유비벨록스,14730199
84440,유비온,19712800
32620,유비케어,52197139
264450,유비쿼스,10245706
78070,유비쿼스홀딩스,18696628
2920,유성기업,25947500
24800,유성티엔에스,37051812
700,유수홀딩스,26041812
54930,유신,3000000
69330,유아이디,14191091
49520,유아이엘,21784936
435380,유안타제10호스팩,5730000
444920,유안타제11호스팩,5240000
446150,유안타제12호스팩,4770000
449020,유안타제13호스팩,9730000
450940,유안타제14호스팩,4540000
473050,유안타제15호스팩,7010000
474490,유안타제16호스팩,5510000
430700,유안타제9호스팩,5240000
3475,유안타증권우,12912212
3470,유안타증권,199596576
263770,유에스티,23700172
337840,유엑스엔,3708041
72130,유엔젤,13195454
225,유유제약1우,2266930
227,유유제약2우B,325560
220,유유제약,17032351
388720,유일로보틱스,8937846
340930,유일에너테크,34204450
23410,유진기업,77310863
468760,유진스팩10호,4240000
388800,유진스팩7호,5010000
413630,유진스팩8호,5920000
442130,유진스팩9호,3460000
56080,유진로봇,37512152
84370,유진테크,22916042
240600,유진테크놀로지,6928151
1200,유진투자증권,96866418
221800,유투바이오,11287196
179900,유티아이,16286895
263050,유틸렉스,36762855
105,유한양행우,1180940
100,유한양행,80209064
3465,유화증권우,17476425
3460,유화증권,56702415
191410,육일씨엔에쓰,11167382
372170,윤성에프앤씨,7979048
146060,율촌,24015595
8730,율촌화학,24800000
72770,율호,69122796
8250,이건산업,10952635
39020,이건홀딩스,22584709
25820,이구산업,33442000
67920,이글루,10996119
44960,이글벳,12641883
303530,이노뎁,7339299
296640,이노룰스,5178252
302430,이노메트리,9833208
279060,이노벡스,9075076
214320,이노션,40000000
274400,이노시뮬레이션,7819826
56090,이노시스,93815001
73490,이노와이어리스,7603846
215790,이노인스트루먼트,40283149
344860,이노진,12030000
88390,이녹스,9385844
272290,이녹스첨단소재,20201658
53350,이니텍,19790916
452400,이닉스,9071428
264850,이랜시스,30152812
54210,이랜텍,25291210
9730,이렘,30556774
164060,이루다,20612413
65440,이루온,27275020
88260,이리츠코크렙,63341590
139480,이마트,27875819
115610,이미지스,15743995
78020,이베스트투자증권,55481190
131400,이브이첨단소재,59589882
419700,이브이파킹서비스,16266666
208850,이비테크,2820250
351330,이삭엔지니어링,8288520
80010,이상네트웍스,10000000
379390,이성씨엔아이,2841460
457190,이수스페셜티케미컬,30208280
86890,이수앱지스,35305182
7660,이수페타시스,63246419
5950,이수화학,22722739
15020,이스타코,42851600
47560,이스트소프트,11569332
900110,이스트아시아홀딩스,431932050
239340,이스트에이드,26979634
67010,이씨에스,12294000
93230,이아이디,254384360
341310,이앤에치,17293400
418620,이에이트,9650477
102710,이엔에프테크놀로지,14287836
74610,이엔플러스,70139359
41520,이엘씨,12188730
63760,이엘피,9325130
123570,이엠넷,22276078
278990,EMB,4801581
83470,이엠앤아이,21340329
95190,이엠코리아,42581037
91120,이엠텍,17132936
232530,이엠티,25614304
102460,이연제약,18586811
39030,이오테크닉스,12319550
294090,이오플로우,30416687
245620,EDGC,138493951
88290,이원컴포텍,30590933
84680,이월드,141806193
181340,이즈미디어,20058966
37370,EG,8624972
353810,이지바이오,34191720
350520,이지스레지던스리츠,28358617
334890,이지스밸류리츠,51443469
99750,이지케어텍,6834776
377330,이지트로닉스,8109954
35810,이지홀딩스,65145845
160600,이큐셀,34482552
92130,이크레더블,12043600
96040,이트론,906131295
134060,이퓨쳐,4769250
1840,이화공영,19805760
760,이화산업,2800000
24810,이화전기,201999488
14990,인디에프,75112995
41830,인바디,13683782
352940,인바이오,10867730
101140,인바이오젠,10044216
216400,인바이츠바이오코아,7711315
79950,인베니아,23200000
389470,인벤티지랩,8455556
277410,인산가,38356789
60150,인선이엔티,46563612
33230,인성정보,39215380
450520,인스웨이브시스템즈,4901526
6490,인스코비,116200150
37330,인지디스플레,43885224
100030,인지소프트,3283714
23800,인지컨트롤스,15809197
34590,인천도시가스,4374754
211050,인카금융서비스,51379800
83640,인콘,77720351
216050,인크로스,12843222
49070,인탑스,17200000
119610,인터로조,13216478
17250,인터엠,21045467
129260,인터지스,29747874
51370,인터플렉스,23327472
64290,인텍플러스,12863962
189300,인텔리안테크,10733334
150840,인트로메딕,41848476
48530,인트론바이오,34150762
23810,인팩,10000000
115310,인포바인,3192883
39290,인포뱅크,8693978
71200,인피니트헬스케어,24396458
101930,인화정공,9067273
249420,일동제약,28062501
230,일동홀딩스,11540400
13360,일성건설,54024880
3120,일성아이에스,13300000
333430,일승,30726747
68330,일신바이오,44216140
3200,일신방직,23280000
7110,일신석재,77456610
7575,일양약품우,445080
7570,일양약품,19085664
178780,일월지엠엘,13964195
8500,일정실업,1200000
19540,일지테크,13513500
81000,일진다이아,14202975
20760,일진디스플,51513741
103590,일진전기,47685390
94820,일진파워,15078709
271940,일진하이솔루스,36313190
15860,일진홀딩스,49347483
226320,잇츠한불,21929315
950140,잉글우드랩,19867866
49550,잉크테크,19606277
389020,자람테크놀로지,6197730
254120,자비스,30754270
43910,자연과환경,81391457
234920,자이글,13530910
289220,자이언트스텝,22121745
317400,자이에스앤디,38782520
33240,자화전자,22155870
174880,장원테크,4381265
49630,재영솔루텍,83633227
417840,저스템,7249175
950,전방,1680000
110020,전진바이오팜,8047181
208140,정다운,32684246
40420,정상제이엘에스,15677552
45510,정원엔시스,32209292
217190,제너셈,8769174
95700,제넥신,41510594
72520,제넨바이오,74163194
122310,제노레이,14553844
361390,제노코,7500789
66830,제노텍,5667180
225220,제놀루션,19190021
123330,제닉,7000000
159580,제로투세븐,20032636
147830,제룡산업,20000000
33100,제룡전기,16062409
79370,제우스,31016990
67290,JW신약,50841502
54950,제이브이엠,12089892
23440,제이스코홀딩스,54324262
90470,제이스텍,17476594
287410,제이시스메디칼,76637849
137950,제이씨케미칼,22267814
33320,제이씨현시스템,19114432
417500,제이아이테크,32784744
348950,제이알글로벌리츠,197376000
204270,제이앤티씨,57848466
194370,제이에스코퍼레이션,13335601
26040,제이에스티나,16503790
452160,제이엔비,9617527
126880,제이엔케이글로벌,23204903
322510,제이엘케이,16195712
254160,제이엠멀티,5160000
33050,제이엠아이,32579342
94970,제이엠티,16748240
418550,제이오,31772273
35900,JYP Ent.,35532492
25620,제이준코스메틱,4484846
420570,제이투케이바이오,5574115
89790,제이티,10315513
950170,JTC,50288623
30000,제일기획,115041225
52670,제일바이오,29129064
271980,제일약품,14704872
412540,제일엠앤에스,18082075
1560,제일연마,10000000
199820,제일일렉트릭,11110000
38010,제일테크노스,9000000
2620,제일파마홀딩스,15973355
276730,제주맥주,58566091
80220,제주반도체,34442833
6220,제주은행,32128774
89590,제주항공,80640985
216080,제테마,17858759
229000,젠큐릭스,14444005
82270,젬백스,39994174
64800,젬백스링크,107875617
44060,조광ILI,95732184
4910,조광페인트,12800000
4700,조광피혁,6649138
1550,조비,5192239
462520,조선내화,11855168
120030,조선선재,1257651
34940,조아제약,30979827
67000,조이시티,69903446
18470,조일알미늄,126631721
2600,조흥,600000
63160,종근당바이오,5485962
185750,종근당,13174420
1630,종근당홀딩스,5009861
33340,좋은사람들,96950558
36930,주성엔지니어링,48249212
109070,주성코퍼레이션,52810230
185190,수프로,9238625
357580,아모센스,11220264
226400,오스테오닉,20661601
440320,오픈놀,9805000
70960,용평리조트,48133333
187420,제노포커스,22758430
189350,코셋,4800000
348080,큐라티스,42152010
23450,동남합성,3500000
2380,KCC,8886471
44380,주연테크,59199244
24110,기업은행,797425869
72020,중앙백신,9658687
440,중앙에너비스,6227130
51980,중앙첨단소재,78501937
228760,지노믹트리,24362333
314130,지놈앤컴퍼니,15098668
13890,지누스,20735204
389030,지니너스,33331845
43610,지니뮤직,58115438
263860,지니언스,9444600
303030,지니틱스,35745668
36180,지더블유바이텍,91464525
208350,지란지교시큐리티,8838549
289860,지슨,17329579
144510,지씨셀,15800344
358570,지아이이노베이션,44137599
382480,지아이텍,39357140
382800,지앤비에스 에코,30104012
299480,지앤이헬스케어,11100743
51160,지어소프트,15474430
1250,GS글로벌,82533764
7070,GS리테일,104717922
53050,지에스이,29987597
130500,GH신소재,14545052
388610,지에프씨생명과학,3084578
119850,지엔씨에너지,16448909
65060,지엔코,108008044
204840,지엘팜텍,76699394
13870,지엠비코리아,19072280
71320,지역난방공사,11578744
270520,지오릿에너지,147488620
311320,지오엘리먼트,12614560
388050,지투파워,18709437
219750,지티지웰니스,21038655
88790,진도,12447744
18120,진로발효,6621120
109820,진매트릭스,20393640
86060,진바이오텍,8610587
36890,진성티이씨,22482268
363250,진시스템,6984888
3780,진양산업,13000000
7370,진양제약,12016877
10640,진양폴리,10000000
100250,진양홀딩스,55895292
51630,진양화학,15800000
272450,진에어,52200000
285800,진영,17477270
11000,진원생명과학,80039035
250030,진코스텍,2589337
2785,진흥기업우B,857218
2787,진흥기업2우B,294808
2780,진흥기업,145471745
233990,질경이,14764898
85660,차바이오텍,56314443
261780,차백신연구소,26816748
900250,크리스탈신소재,130640004
9310,참엔지니어링,84867419
94850,참좋은여행,14000000
4650,창해에탄올,9190885
278280,천보,10000000
650,천일고속,1429220
362320,청담글로벌,20551290
12600,청호ICT,46634517
66360,체리부로,47952015
33250,체시스,32000000
47820,초록뱀미디어,24453930
94360,칩스앤미디어,20823124
16790,카나리아바이오,188471729
16920,카스,26493538
284620,카이노스메드,27922396
446600,카이바이오텍,981281
293490,카카오게임즈,82630257
323410,카카오뱅크,476921137
35720,카카오,445292681
377300,카카오페이,134470018
140430,카티스,17922947
42000,카페24,24253054
6380,카프로,8000000
313760,캐리,5788881
317530,캐리소프트,6971196
71850,캐스텍코리아,16569188
50110,캠시스,73824118
452300,캡스톤파트너스,14060755
119860,커넥트웨이브,46747183
451760,컨텍,14940476
900310,컬러레이,64041675
78340,컴투스,12737755
63080,컴투스홀딩스,6595192
307930,컴퍼니케이,15610000
79190,케스피온,38355514
263700,케어랩스,19414200
214370,케어젠,53715000
221980,케이디켐,4034800
900280,골든센츄리,205404288
38530,케이바이오,115714347
1620,케이비아이동국실업,111293031
24840,KBI메탈,34290179
424140,케이비제21호스팩,7710000
455250,KB제25호스팩,4305000
458320,KB제26호스팩,5505000
464680,KB제27호스팩,12905000
318000,KBG,8740223
192250,케이사인,70671257
9440,KC그린홀딩스,22434980
29460,케이씨,13554044
112190,KC산업,7125253
21320,KCC건설,21400000
344820,KCC글라스,15970512
36670,KCI,11270000
115500,케이씨에스,12000000
119650,KC코트렐,63669287
281820,케이씨텍,20861556
89150,케이씨티,17150000
25880,케이씨피드,16715858
15590,KIB플러그에너지,236981544
93320,케이아이엔엑스,4880000
93640,케이알엠,29213382
44450,KSS해운,23085880
73010,케이에스피,40191250
226360,KH 건설,23756732
111870,KH 미래물산,4665773
60720,KH바텍,23677442
122450,KX,45335964
52900,KX하이텍,55107517
105330,케이엔더블유,16060028
53080,케이엔솔,12999807
199430,케이엔알시스템,10867713
432470,케이엔에스,4337278
58400,KNN,132429720
272110,케이엔제이,7975395
39420,케이엘넷,24154730
83550,케이엠,12374226
32500,케이엠더블유,39820883
225430,케이엠제약,27887050
102370,케이옥션,27229210
68100,케이웨더,9939614
92220,KEC,200763141
46440,KG모빌리언스,38825568
151860,KG에코솔루션,49603002
35600,KG이니시스,27904434
381970,케이카,48182073
145270,케이탑리츠,48060774
30200,KT,257164985
53210,스카이라이프,47522955
58850,KTcs,42685000
58860,KTis,34802000
36030,케이티알파,49019283
33780,KT&G,130322497
64820,케이프,30901728
256940,케이피에스,18748658
24880,케이피에프,20682798
42040,케이피엠테크,174460917
54410,케이피티유,5726444
258610,케일럼,26787133
274090,켄코아에어로스페이스,12913226
402420,켈스,2226540
89010,켐트로닉스,15334346
220260,켐트로스,26558307
176590,코나솔,5823333
52400,코나아이,14899999
402030,코난테크놀로지,11421688
391710,코닉오토메이션,41503222
46070,코다코,42786056
47770,코데즈컴바인,37842602
80530,코디,40741730
417310,코람코더원리츠,40400000
357120,코람코라이프인프라리츠,88534474
104540,코렌텍,12785740
27050,코리아나,40000000
7815,코리아써우,2964690
00781K,코리아써키트2우B,783699
7810,코리아써키트,23620751
190650,코리아에셋투자증권,6388000
123410,코리아에프티,27841064
3690,코리안리,165367526
36690,코맥스,15904938
49430,코메론,9048000
183300,코미코,10460684
41960,코미팜,70604464
89890,코세스,16584962
360350,코셈,5661970
82660,코스나인,86620869
192820,코스맥스,11349509
44820,코스맥스비티아이,9603921
222040,코스맥스엔비티,20628000
241710,코스메카코리아,10680000
5070,코스모신소재,32510756
5420,코스모화학,38408228
355150,코스텍시스,7706770
169670,코스텍시스템,2868401
71950,코아스,30907210
166480,코아스템켐온,32870376
45970,코아시아,26314876
196450,코아시아씨엠,45319582
384470,코어라인소프트,12819064
29960,코엔텍,50000000
2025,코오롱우,1076390
3075,코오롱글로벌우,740737
3070,코오롱글로벌,18932713
45014K,코오롱모빌리티그룹우,2456120
450140,코오롱모빌리티그룹,62777250
2020,코오롱,12626426
102940,코오롱생명과학,11412356
138490,코오롱ENP,38000000
120115,코오롱인더우,2767860
120110,코오롱인더,27519091
950160,코오롱티슈진,74275220
21240,코웨이,73799619
33290,코웰패션,56156301
56360,코위버,9796800
282880,코윈테크,11141807
121850,코이즈,30614175
448710,코츠테크놀로지,5081792
126730,코칩,8503460
15710,코콤,17530500
52330,코텍,15574552
322780,코퍼스코리아,37932613
36420,콘텐트리중앙,19262308
200130,콜마비앤에이치,29415558
24720,콜마홀딩스,36769520
31820,콤텍시스템,121051466
294570,쿠콘,10254685
192400,쿠쿠홀딩스,35562185
284740,쿠쿠홈시스,22437330
317690,퀀타매트릭스,16537411
78940,퀀타피아,53094278
227100,퀀텀온,15680614
432720,퀄리타스반도체,10989140
456190,큐라켐,1754286
365270,큐라클,13855342
86460,큐러블,2939400
60280,큐렉소,41089990
372320,큐로셀,14090125
51780,큐로홀딩스,136422450
115180,큐리언트,27255390
445680,큐리옥스바이오시스템즈,8022492
182360,큐브엔터,13804687
405100,큐알티,12289301
66310,큐에스아이,9271621
136660,큐엠씨,9443800
16600,큐캐피탈,178247112
355390,크라우드웍스,4152100
26490K,크라운제과우,773560
264900,크라운제과,12523850
5745,크라운해태홀딩스우,600726
5740,크라운해태홀딩스,14847347
259960,크래프톤,48364493
96240,크레버스,11338180
40350,크레오에스지,142973472
215570,크로넥스,5078057
110790,크리스에프앤씨,23430960
45520,크린앤사이언스,6500000
36170,클라우드에어,61365626
214150,클래시스,63999519
352770,클리노믹스,33246263
237880,클리오,18071353
139670,키네마스터,14118810
20120,키다리스튜디오,37046766
413600,키움제6호스팩,3430000
433530,키움제7호스팩,4105000
446840,키움제8호스팩,5880000
39490,키움증권,25526706
54780,키이스트,19547793
336040,타스컴,4204105
219130,타이거일렉,6314290
346010,타이드,4860062
318660,타임기술,2152101
434190,탈로스,7369434
360070,탑머티리얼,8069143
180060,탑선,9347666
65130,탑엔지니어링,17189982
134580,탑코미디어,22025767
14580,태경비케이,27583100
15890,태경산업,29228750
6890,태경케미컬,11600000
23160,태광,26500000
3240,태광산업,1113400
11280,태림포장,70805940
323280,태성,25820730
53620,태양,8600000
52960,태양3C,4887078
4105,태양금속우,3300000
4100,태양금속,36700000
116100,태양기계,6239986
9410,태영건설,38899098
9415,태영건설우,1302142
44490,태웅,20007381
124560,태웅로직스,38416584
1420,태원물산,7600000
191420,테고사이언스,8108834
73640,테라사이언스,95587404
66700,테라젠이텍스,32474435
95610,테스,19768226
55490,테이팩스,4769650
308700,테크엔,4000000
64520,테크엘,22031023
89030,테크윙,37353645
258050,테크트랜스,9994242
54450,텔레칩스,15144233
78000,텔코웨어,9702706
200230,텔콘RF제약,115994921
214420,토니모리,24054799
393210,토마토시스템,15356544
215480,토박스코리아,9400000
51360,토비스,16167058
45340,토탈소프트,8558040
108230,톱텍,38023245
79970,투비소프트,78505003
199800,툴젠,7930258
417790,트루엔,10999650
105550,트루윈,57000444
290090,트윔,7428268
26150,특수건설,17546331
322180,티라유텍,16519475
117730,티로보틱스,17837060
33830,티비씨,100000000
57680,티사이언티픽,71434502
204610,티쓰리,67471720
64760,티씨케이,11675000
246710,티앤알바이오팹,21546828
340570,티앤엘,8128000
43220,티에스넥스젠,127460392
277880,티에스아이,20160832
131290,티에스이,11061429
246690,TS인베스트먼트,41477862
317240,TS트릴리온,107240922
19180,티에이치엔,18000000
425420,티에프이,11381000
131100,티엔엔터테인먼트,28048252
356860,티엘비,9832630
62860,티엘아이,9872720
413300,티엘엔지니어링,1305515
2900,TYM,45050956
36328K,티와이홀딩스우,1243014
363280,티와이홀딩스,50429268
321550,티움바이오,25982493
91810,티웨이항공,215378976
4870,티웨이홀딩스,111611693
425040,티이엠씨,21298662
241790,티이엠씨씨엔에스,10002634
32540,TJ미디어,13931609
22220,TKG애강,51794579
69260,TKG휴켐스,40878588
104480,티케이케미칼,90895434
81150,티플랙스,24268402
7980,TP,51175130
130740,티피씨글로벌,11276679
48770,TPC,15697991
217880,틸론,10727290
84730,팅크웨어,11109424
58530,파나케이아,20078428
440110,파두,49171540
34230,파라다이스,91759075
33540,파라텍,37234802
388870,파로스아이바이오,12918962
43200,파루,41804315
214450,파마리서치,10359054
217950,파마리서치바이오,4064391
208340,파멥신,30201108
5690,파미셀,60016964
177830,파버나인,14288753
37070,파세코,20000000
150900,파수,11666922
37030,파워넷,20609402
47310,파워로직스,35734843
266870,파워풀엑스,6408680
368770,파이버프로,32854225
170790,파이오링크,6856330
49120,파인디앤씨,43517003
38950,파인디지털,10210765
441270,파인엠텍,36928663
106240,파인테크닉스,15923057
131760,파인텍,43431583
65690,파커스,14049331
140860,파크시스템스,6973359
91700,파트론,58918214
202960,판도라티비,11915582
32800,판타지오,229785294
318010,팜스빌,7929338
36580,팜스코,36727943
27710,팜스토리,111416600
4720,팜젠사이언스,18178525
225590,패션플랫폼,26636713
54300,팬스타엔터프라이즈,66985895
68050,팬엔터테인먼트,27694076
28670,팬오션,534569512
222110,팬젠,11414683
271830,팸텍,29490202
10820,퍼스텍,48771938
16800,퍼시스,11500000
263750,펄어비스,64247855
251970,펌텍코리아,12400000
1020,페이퍼코리아,177983313
327610,펨토바이오메드,8401272
168360,펨트론,21288284
87010,펩트론,20626853
90080,평화산업,54902259
10770,평화홀딩스,14625466
119500,포메탈,11847232
389140,포바이포,11073235
105760,포스뱅크,9355485
22100,포스코DX,152034729
58430,포스코스틸리온,6000000
47050,포스코인터내셔널,175922788
3670,포스코퓨처엠,77463220
5490,POSCO홀딩스,84571230
189690,포시에스,27321969
318020,포인트모바일,12662272
256630,포인트엔지니어링,57997072
331380,포커스에이치엔에스,19048582
472850,폰드그룹,32343933
234100,폴라리스세원,54344248
39980,폴라리스AI,71677257
41910,폴라리스AI파마,11898263
41020,폴라리스오피스,49725498
114630,폴라리스우노,77757548
290720,푸드나무,13403058
5670,푸드웰,10000000
94940,푸른기술,8361386
7330,푸른저축은행,15082800
17810,풀무원,38120542
93380,풍강,9879313
23900,풍국주정,12600000
103140,풍산,28024278
5810,풍산홀딩스,14417292
371950,풍원정밀,21040488
370090,퓨런티어,8181830
445180,퓨릿,16769188
151910,퓨처코어,190071722
341170,퓨쳐메디신,10533205
220100,퓨쳐켐,22102155
35200,프럼파스트,9730590
334970,프레스티지바이오로직스,61501469
950210,프레스티지바이오파마,60096155
321260,프로이천,28192084
296160,프로젠,11554263
53610,프로텍,11000000
303360,프로티아,12877215
377220,프롬바이오,28310000
335810,프리시젼바이오,11614526
53160,프리엠스,6000000
405000,플라즈맵,20234667
41590,플래스크,131707350
367000,플래티어,8388207
75130,플랜티넷,16622320
222670,플럼라인생명과학,3039890
9810,플레이그램,126750187
237820,플레이디,12827140
23770,플레이위드,8766820
19570,플루토스,52470040
300080,플리토,5501652
32580,피델릭스,33132064
51380,피씨디렉트,15340072
241820,피씨엘,54038118
178920,PI첨단소재,29366322
237750,피앤씨테크,6496600
319660,피에스케이,28966714
31980,피에스케이홀딩스,21562395
2230,피에스텍,19370673
57880,피에이치씨,18940368
43370,피에이치에이,21000000
239890,피엔에이치테크,9935755
347740,피엔케이피부임상연구센타,30010576
137400,피엔티,22741198
257370,피엔티엠에스,11687861
24940,PN풍년,10000000
147760,피엠티,10819866
128660,피제이메탈,24803369
6140,피제이전자,15000000
376180,피코그램,18491378
304840,피플바이오,21089464
62970,피피아이,9308185
87600,픽셀플러스,8166558
291810,핀텔,11343912
378340,필에너지,21247382
161580,필옵틱스,22809076
347770,핌스,22857042
163730,핑거,9360608
417180,핑거스토리,16688202
446750,하나26호스팩,6030000
448370,하나27호스팩,5620000
454750,하나28호스팩,7202000
454640,하나29호스팩,5401000
469880,하나30호스팩,7305000
469900,하나31호스팩,5605000
475240,하나32호스팩,3200000
475250,하나33호스팩,3700000
406760,하나금융21호스팩,7410000
418170,하나금융22호스팩,6010000
430230,하나금융24호스팩,8004000
435620,하나금융25호스팩,4302000
86790,하나금융지주,292356598
299030,하나기술,8160607
67310,하나마이크론,52141475
166090,하나머티리얼즈,19777674
293480,하나제약,17772946
39130,하나투어,16039185
136480,하림,106209702
3380,하림지주,112005621
101670,하이드로리튬,50329672
365590,하이딥,143523916
149980,하이로닉,18591363
13030,하이록코리아,12856050
352820,하이브,41652097
126700,하이비젼시스템,14942112
106080,하이소닉,15473561
71090,하이스틸,20191471
400840,하이제7호스팩,5120000
450050,하이제8호스팩,5014000
221840,하이즈항공,18700561
106190,하이텍팜,10633173
19490,하이트론,27611224
87,하이트진로2우B,1130138
80,하이트진로,70133611
145,하이트진로홀딩스우,470810
140,하이트진로홀딩스,23206765
65650,하이퍼코퍼레이션,83863344
66130,하츠,12800000
4590,한국가구,15000000
36460,한국가스공사,92313000
39340,한국경제TV,23000000
5430,한국공항,3166355
34950,한국기업평가,4540514
10040,한국내화,41067062
25540,한국단자,10415000
222980,한국맥널티,11031483
10100,한국무브넥스,30450420
331660,한국미라클피플사,1100000
256840,한국비엔씨,67912443
4090,한국석유,12694120
25550,한국선재,23300000
2200,한국수출포장,40000000
2960,한국쉘석유,1300000
17890,한국알콜,21605760
240,한국앤컴퍼니,94935240
33270,유나이티드제약,16333822
80720,한국유니온제약,7909829
123890,한국자산신탁,123977752
15760,한국전력,641964077
52690,한전기술,38220000
63570,한국전자금융,34147728
41460,한국전자인증,19000000
6200,한국전자홀딩스,46803136
101680,한국정밀기계,8404000
39740,한국정보공학,8018397
53300,한국정보인증,41776331
25770,한국정보통신,37444271
436610,한국제11호스팩,6020000
458610,한국제12호스팩,4230000
464440,한국제13호스팩,4320000
27970,한국제지,190178237
23350,한국종합기술,10950000
25890,한국주강,11309259
970,한국주철관,22800500
104700,한국철강,42450000
17960,한국카본,51908452
23760,한국캐피탈,315609576
54040,한국컴퓨터,16071290
161890,한국콜마,23605077
21650,한국큐빅,16350563
161390,한국타이어앤테크놀로지,123875069
53590,한국테크놀로지,157140147
34830,한국토지신탁,252489230
152550,한국ANKOR유전,70020000
168490,한국패러랠,80020000
71055,한국금융지주우,5858251
71050,한국금융지주,55725992
7280,한국특강,60813311
32300,한국파마,10906701
37230,한국팩키지,29800327
448900,한국피아이엠,3966672
47810,한국항공우주,97475107
123690,한국화장품,16068000
3350,한국화장품제조,4532000
30520,한글과컴퓨터,24179744
52600,한네트,11563700
11500,한농화성,15637042
2390,한독,13763533
256150,한독크린텍,8395000
92460,한라IMS,17109680
53690,한미글로벌,10957550
42700,한미반도체,97339302
8930,한미사이언스,68391550
128940,한미약품,12810991
452190,한빛레이저,22246949
47080,한빛소프트,24822362
9240,한샘,23533928
452280,한선엔지니어링,17002500
20000,한섬,23398500
3680,한성기업,6209515
66980,한성크린텍,50035429
105630,한세실업,40000000
69640,한세엠케이,30106502
16450,한세예스24홀딩스,40000000
10420,한솔PNS,20493012
9180,한솔로지스틱스,28057025
114810,한솔아이원스,29352174
70590,한솔인티큐브,13879521
213500,한솔제지,23800576
14680,한솔케미칼,11335195
4710,한솔테크닉스,32109878
4150,한솔홀딩스,42008577
25750,한솔홈데코,80565149
226440,한송네오텍,65739186
42520,한스바이오메드,13526367
4960,한신공영,11570702
11700,한신기계,32446151
430690,한싹,5447675
78350,한양디지텍,15244382
45100,한양이엔지,18000000
1755,한양증권우,525000
1750,한양증권,12728534
18880,한온시스템,533800000
9420,한올바이오파마,52240638
91440,한울소재과학,14606671
14130,한익스프레스,12000000
24740,한일단조,31532546
5860,한일사료,39403685
300720,한일시멘트,69261540
2220,한일철강,26697460
6390,한일현대시멘트,19327672
3300,한일홀딩스,30832884
7770,한일화학,3510000
51600,한전KPS,45000000
130660,한전산업,32600000
198940,한주라이트메탈,19435815
107640,한중엔시에스,7118113
2320,한진,14947628
3480,한진중공업홀딩스,29529812
18064K,한진칼우,536766
180640,한진칼,66762279
5110,한창,18606407
79170,한창산업,5200000
9460,한창제지,59667486
372910,한컴라이프케어,27674406
54920,한컴위드,28217081
2680,한탑,32316799
885,한화우,479294
00088K,한화3우B,22472000
45226K,한화갤러리아우,2904470
452260,한화갤러리아,193859610
451800,한화리츠,70600000
880,한화,74958735
88350,한화생명,868530000
370,한화손해보험,116738915
9835,한화솔루션우,2575349
9830,한화솔루션,171892536
272210,한화시스템,188919389
12450,한화에어로스페이스,50630000
82740,한화엔진,83447142
42660,한화오션,306358899
3535,한화투자증권우,4800000
3530,한화투자증권,214547775
386580,한화플러스제2호스팩,4160000
430460,한화플러스제3호스팩,5920000
455310,한화플러스제4호스팩,5060000
195870,해성디에스,17000000
34810,해성산업,32556857
03481K,해성산업1우,1388922
59270,해성에어로보틱스,10797992
76610,해성옵틱스,25453198
101530,해태제과식품,29116822
220180,핸디소프트,19408000
143210,핸즈코퍼레이션,21875747
900270,헝셩그룹,125535084
214180,헥토이노베이션,13257185
234340,헥토파이낸셜,9453000
84990,헬릭스미스,50000000
725,현대건설우,1054693
720,현대건설,111355765
170030,현대공업,15340000
453340,현대그린푸드,33880914
86280,현대글로비스,37500000
64350,현대로템,109142293
79430,현대리바트,20535282
12330,현대모비스,93655094
319400,현대무벡스,117707063
52260,현대바이오랜드,15000000
48410,현대바이오,39820608
69960,현대백화점,23402441
4560,현대비앤지스틸,15078811
4310,현대약품,32000000
41440,현대에버다임,17915944
39010,현대에이치티,8625000
17800,현대엘리베이,39092385
307950,현대오토에버,27423982
11210,현대위아,27195083
90850,현대이지웰,23746361
5385,현대차우,23871988
5387,현대차2우B,35759391
5389,현대차3우B,2380404
5380,현대차,209416191
4020,현대제철,133445785
5440,현대지에프홀딩스,155904301
1500,현대차증권,31712562
11760,현대코퍼레이션,13228966
227840,현대코퍼레이션홀딩스,9100836
126560,현대퓨처넷,110202945
1450,현대해상,89400000
57050,현대홈쇼핑,12000000
460930,현대힘스,34824000
92300,현우산업,18672816
138360,협진,34611984
11080,형지I&C,25503363
93240,형지엘리트,31154798
3010,혜인,12712747
111110,호전실업,9749984
8775,호텔신라우,751879
8770,호텔신라,39248121
60560,홈센타홀딩스,127669525
64240,홈캐스트,35038012
39610,화성밸브,10410400
2460,화성산업,10150000
378850,화승알앤에이,18993623
241590,화승엔터프라이즈,60589276
6060,화승인더,55320000
13520,화승코퍼레이션,50051252
10690,화신,34920410
126640,화신정공,36373887
133820,화인베스틸,30826118
127980,화인써키트,11840684
61250,화일약품,66532826
10660,화천기계,22000000
850,화천기공,2200000
16580,환인제약,18600070
32560,황금에스티,17000000
4800,효성,21071025
94280,효성ITX,11558200
97870,효성오앤비,8490000
298040,효성중공업,9324548
298050,효성첨단소재,4479948
298020,효성티앤씨,4327682
298000,효성화학,3791811
93370,후성,107255330
81660,휠라홀딩스,60752222
290270,휴네시온,9607672
5870,휴니드,14116015
353190,휴럼,39378420
192410,휴림네트웍스,43518544
90710,휴림로봇,70794294
78590,휴림에이텍,54210339
205470,휴마시스,129375009
115160,휴맥스,43970124
28080,휴맥스홀딩스,12577506
175140,휴먼테크놀로지,21515292
200670,휴메딕스,11229930
79980,휴비스,34500000
65510,휴비츠,12159371
215090,휴센텍,88358954
5010,휴스틸,56188075
263920,휴엠앤씨,49045134
243070,휴온스,11979665
84110,휴온스글로벌,12621492
145020,휴젤,12013892
24060,흥구석유,15000000
10240,흥국,12322696
189980,흥국에프엔비,40137827
545,흥국화재우,768000
540,흥국화재,64242645
3280,흥아해운,240424899
37440,희림,13922475
238490,힘스,11312236
